top_left_square,top_middle_square,top_right_square,middle_left_square,middle_middle_square,middle_right_square,bottom_left_square,bottom_middle_square,bottom_right_square,target
2,1,2,1,2,2,2,2,2,1
0,2,2,2,2,2,2,2,2,1
2,0,2,0,2,2,0,0,0,1
2,0,2,2,2,0,0,1,0,0
0,0,2,1,1,2,1,1,1,0
0,0,0,1,1,2,2,1,2,1
2,2,1,0,1,2,2,1,2,0
2,1,1,1,2,2,1,2,1,0
2,2,1,1,1,1,0,2,0,0
2,0,2,2,1,2,0,1,2,1
1,2,2,1,2,0,1,1,0,1
1,2,2,2,2,1,2,0,2,0
2,2,1,0,1,1,1,1,2,1
2,0,1,0,1,2,0,2,2,1
2,0,1,2,1,2,2,0,1,1
0,0,2,0,2,1,0,1,0,1
1,2,2,2,2,1,2,2,1,1
2,2,2,2,1,2,2,0,1,1
2,0,2,2,2,2,0,0,2,1
2,0,1,2,2,0,2,0,2,0
2,1,1,1,2,1,1,1,2,1
1,2,1,1,1,2,2,2,2,1
2,2,2,1,1,2,1,2,2,1
1,2,1,2,2,1,1,1,0,0
1,2,2,1,2,2,1,1,2,1
2,2,2,1,1,0,2,2,2,0
2,2,1,2,1,1,0,2,2,1
2,0,1,1,2,0,0,1,2,1
1,2,0,1,0,2,1,1,2,1
2,1,1,2,1,2,1,2,2,1
2,1,1,0,2,2,1,0,2,1
0,1,2,2,2,1,0,2,1,1
1,0,0,1,0,2,2,1,2,1
2,1,2,2,0,1,2,0,2,1
1,0,2,1,2,2,2,2,2,0
2,0,2,2,1,2,0,1,1,0
1,2,2,1,1,0,2,2,2,1
2,1,0,2,2,1,2,0,0,0
2,2,2,0,2,2,2,2,0,0
1,1,1,2,1,0,2,0,2,0
2,0,2,2,1,2,1,1,1,0
0,1,1,1,1,2,1,1,2,0
1,2,2,0,2,2,0,2,1,1
2,1,1,2,2,1,1,2,1,0
2,0,2,0,2,2,1,2,2,1
2,0,1,0,1,2,2,1,0,1
0,1,2,2,2,2,2,0,2,1
2,1,0,0,1,2,2,1,2,1
1,1,0,2,2,2,1,2,2,1
1,1,1,1,1,2,2,2,0,1
2,1,2,2,0,1,2,0,2,1
0,2,0,0,2,2,2,2,2,0
2,0,0,0,2,1,0,1,0,0
2,2,1,1,1,0,2,2,2,1
2,1,1,0,2,1,1,0,1,1
2,2,0,0,2,2,0,1,2,0
1,2,2,1,2,0,0,1,0,1
2,2,0,2,2,2,0,1,2,1
2,1,1,2,2,1,0,1,1,1
1,0,2,0,1,2,2,2,2,1
0,2,2,2,2,2,1,2,2,1
2,2,2,2,1,1,2,0,2,0
2,1,2,1,1,2,1,2,2,1
1,2,1,0,1,0,1,0,2,1
1,0,0,1,1,0,1,1,2,1
1,1,0,2,2,0,1,1,2,0
2,1,0,0,2,0,1,2,2,0
2,0,2,0,0,2,2,1,1,0
2,2,2,0,1,0,2,2,2,0
1,1,1,1,0,1,1,1,2,0
1,0,2,1,0,1,1,1,1,1
0,2,2,0,0,2,2,0,1,1
2,2,1,2,2,0,2,2,0,0
1,2,2,2,1,1,0,1,2,1
2,0,1,2,1,2,0,2,2,1
1,0,1,1,0,2,2,0,1,0
2,0,2,2,1,1,0,1,2,1
1,0,1,0,2,2,2,0,1,1
2,0,1,2,2,2,2,1,2,1
2,1,2,2,1,2,2,1,2,0
1,2,1,1,1,0,2,2,2,1
2,1,2,2,1,2,2,1,2,1
2,1,0,2,1,1,2,1,2,0
0,0,2,1,2,0,2,2,1,1
1,2,1,2,2,2,2,1,0,1
2,0,2,1,1,1,2,2,2,0
1,2,2,0,1,2,2,1,2,0
0,1,2,1,1,2,0,1,1,0
1,2,1,1,1,2,2,2,1,1
2,1,2,2,0,2,2,2,0,1
1,2,1,2,1,0,1,2,2,1
2,0,2,2,2,1,1,0,0,1
2,2,2,1,2,1,1,1,1,1
2,1,2,2,2,2,1,0,2,1
0,1,2,1,2,0,0,1,2,1
0,0,2,2,2,2,1,0,2,1
1,2,1,2,1,2,0,2,0,1
1,1,1,0,2,2,2,2,2,0
1,0,2,1,1,2,2,2,1,1
2,1,2,2,1,1,2,1,2,1
2,2,2,1,2,0,1,2,2,1
2,2,1,2,2,1,1,0,2,1
1,0,1,1,2,2,0,1,2,1
1,0,1,1,0,0,0,0,0,0
2,0,2,1,2,2,1,1,1,0
1,2,1,1,2,0,2,2,1,1
1,2,2,1,2,2,2,1,1,1
0,1,2,0,1,1,1,2,1,0
1,1,1,1,2,2,0,2,1,0
2,2,2,2,0,2,1,2,1,0
2,1,2,0,1,2,1,2,0,0
2,2,2,2,2,1,0,2,2,1
1,1,1,2,2,0,1,0,0,0
2,2,2,2,1,2,2,1,2,1
2,0,2,1,1,1,2,1,2,1
1,1,2,2,2,1,0,0,0,0
1,1,2,1,1,0,1,1,2,0
1,2,2,1,2,2,2,1,2,1
1,2,2,2,2,0,2,1,2,0
1,0,1,2,2,1,0,2,2,1
2,2,2,2,1,2,1,0,0,1
1,1,2,2,1,2,0,2,1,1
1,1,0,2,1,2,2,1,2,1
0,2,2,1,2,2,2,2,0,0
1,0,1,0,2,2,2,0,2,1
1,2,2,1,1,2,1,1,1,1
0,0,1,2,1,2,2,2,1,1
2,1,2,2,2,2,2,2,1,1
1,1,0,2,1,2,2,2,2,0
0,0,2,0,1,2,1,0,2,1
1,2,2,1,2,0,0,1,2,0
1,2,2,1,2,2,2,2,2,1
2,0,0,2,1,1,1,1,0,0
0,1,2,1,1,0,2,0,1,1
2,0,2,1,1,1,2,2,2,1
0,2,2,1,1,2,0,2,1,1
2,2,1,0,2,2,1,1,2,0
1,1,2,1,2,2,2,1,2,1
2,0,0,2,2,2,0,0,1,0
0,1,0,2,1,2,2,2,1,0
2,1,0,2,1,2,0,1,2,1
0,2,2,1,1,2,0,0,1,1
2,2,2,2,1,2,2,2,1,1
2,2,0,0,2,1,1,1,2,1
0,2,1,2,1,2,2,2,2,1
2,1,2,1,1,1,0,2,2,1
1,1,1,1,1,0,0,2,2,1
0,2,2,1,1,2,2,2,1,0
2,1,2,2,1,2,2,2,0,1
1,0,2,1,1,2,0,0,2,0
2,0,2,0,1,1,2,0,1,1
2,2,2,2,1,2,2,2,1,1
0,2,2,0,1,2,1,2,0,1
2,1,1,1,1,2,0,1,2,0
1,1,2,2,2,1,1,0,1,1
2,1,0,2,2,1,0,1,2,1
1,0,1,2,1,2,0,0,2,1
2,2,2,1,2,2,0,2,2,0
1,2,1,1,1,2,0,2,1,1
2,1,1,2,2,2,1,2,2,0
2,1,2,1,1,2,2,2,2,0
2,2,2,0,1,2,2,0,1,0
2,2,2,2,1,1,2,0,1,0
2,2,1,0,1,1,0,1,2,0
2,1,2,0,1,2,1,2,1,1
0,2,2,2,0,2,2,2,0,1
2,0,1,0,1,2,1,0,1,1
0,0,0,1,0,2,1,1,2,1
1,1,2,1,2,2,1,2,0,1
2,0,2,0,1,2,2,1,2,1
2,2,2,0,2,2,2,2,0,1
0,1,1,2,2,2,2,1,2,1
2,2,2,1,2,2,2,2,1,0
2,0,0,2,1,2,1,0,2,1
1,2,0,1,1,2,0,1,1,0
2,2,2,1,1,2,1,0,0,1
2,1,2,2,1,1,1,0,2,1
2,1,1,0,1,0,2,0,1,1
2,1,0,1,1,1,2,1,1,1
2,0,2,0,0,2,2,2,2,1
2,0,1,1,0,2,1,2,2,1
1,1,1,1,0,0,2,1,2,1
2,1,0,2,0,0,1,0,1,1
2,2,1,2,0,1,2,0,0,0
2,1,0,2,2,2,2,2,2,1
2,0,2,1,1,2,1,1,2,0
2,0,2,2,1,1,1,0,1,1
2,0,2,0,1,0,2,1,1,1
1,0,2,2,2,0,2,0,2,0
1,1,2,2,2,2,2,2,2,1
2,1,2,1,2,2,2,2,2,1
2,1,2,2,0,1,2,1,1,1
0,2,2,1,2,2,1,2,0,1
2,0,2,1,1,1,1,0,1,1
1,2,0,1,0,2,2,0,0,0
1,0,2,1,2,2,2,1,2,1
0,2,2,1,1,0,2,1,2,0
2,2,2,2,2,2,1,1,2,1
1,1,1,1,2,2,2,2,0,1
2,1,2,0,2,0,2,1,2,0
1,2,1,2,1,0,1,1,2,1
0,1,1,1,1,0,1,1,2,1
2,0,2,1,2,2,2,2,0,0
2,0,0,1,1,0,2,1,1,1
2,2,2,1,2,2,2,2,0,1
0,0,2,1,2,1,2,1,1,1
0,2,2,1,1,2,2,2,1,1
1,2,2,2,1,1,0,2,2,0
2,2,1,0,1,1,2,2,2,0
2,0,2,2,2,2,2,2,2,1
2,0,1,2,1,1,0,0,2,1
2,1,1,2,0,2,0,1,2,0
2,2,2,0,1,2,2,2,2,0
2,1,2,0,1,1,0,2,0,1
2,2,2,0,2,0,2,1,2,0
0,2,0,1,1,0,2,0,1,1
0,2,2,0,1,2,2,1,1,0
1,2,0,1,1,0,2,2,2,1
0,0,0,1,1,2,1,2,2,1
0,0,2,0,2,2,2,2,2,0
1,0,1,0,1,2,0,0,1,0
0,1,2,2,2,0,2,2,1,1
2,0,0,0,1,2,0,1,2,1
1,1,2,1,1,1,2,1,2,1
2,0,1,0,2,1,2,2,2,0
2,2,0,1,2,2,2,1,0,1
2,1,2,0,1,0,2,2,2,1
2,0,2,2,1,1,0,1,2,0
2,0,2,2,1,2,1,1,0,1
2,2,0,2,2,2,2,2,1,1
1,2,1,0,2,2,2,2,2,1
1,2,0,1,2,0,2,2,1,0
1,1,2,0,0,1,2,1,2,1
1,1,1,2,0,2,2,1,2,1
1,0,2,0,2,2,2,2,2,1
0,1,0,0,1,2,2,1,2,1
1,2,2,2,2,2,1,1,1,1
1,2,0,0,2,0,2,2,0,1
2,2,2,0,1,0,0,1,0,0
1,2,2,1,1,2,2,2,2,0
1,2,0,1,1,2,1,2,2,0
0,2,1,2,1,2,0,1,1,1
1,2,1,1,0,1,1,2,2,1
0,0,2,2,1,2,2,1,1,1
0,2,2,1,2,1,1,0,2,1
2,1,2,2,1,2,1,1,1,1
1,2,2,2,1,2,2,1,0,1
2,2,2,0,1,2,2,0,2,1
2,1,1,0,2,1,2,2,2,1
1,1,2,0,1,2,2,1,2,1
0,2,2,2,1,2,0,1,2,1
0,2,2,1,0,1,2,2,2,1
2,1,2,1,2,2,1,2,2,1
1,1,1,1,1,2,1,1,2,0
1,1,0,1,1,2,1,1,2,0
1,1,0,1,2,2,2,2,2,1
2,1,0,0,2,2,1,2,0,0
1,0,1,2,2,2,1,0,2,1
1,1,0,1,2,2,1,1,0,1
0,1,1,0,1,0,2,2,2,0
1,0,2,1,1,2,2,0,0,0
0,1,2,1,2,0,0,2,1,0
2,2,2,2,2,1,2,2,2,0
2,1,2,0,1,2,2,2,0,1
1,1,1,1,2,2,2,0,1,1
2,0,2,0,1,2,2,2,2,0
2,2,1,1,1,1,0,2,2,1
2,0,2,0,1,2,2,2,1,1
2,0,2,1,2,2,0,1,0,1
2,2,0,1,1,2,1,2,2,0
2,0,2,2,1,2,0,1,2,1
1,1,0,2,2,2,2,0,1,0
2,2,2,1,2,0,2,0,2,1
2,0,2,1,2,2,2,0,1,1
1,0,1,1,1,0,2,1,0,1
0,0,2,0,2,2,2,0,2,0
2,2,1,2,2,1,0,1,0,0
0,0,2,1,2,2,0,0,2,1
2,1,2,2,1,2,0,1,1,1
2,1,2,1,1,2,2,1,2,0
1,2,2,1,1,1,1,2,2,1
2,1,1,0,1,0,2,1,2,1
0,2,2,1,1,2,2,2,2,1
1,1,1,2,1,2,2,2,2,1
2,1,1,2,2,0,1,1,1,1
1,2,2,0,1,2,0,2,2,1
2,2,2,2,0,2,2,1,1,1
2,0,2,2,2,2,2,2,0,1
1,0,0,2,2,1,1,2,1,0
2,1,1,0,0,0,0,2,2,0
2,2,2,1,0,2,2,1,2,1
2,0,1,1,2,1,1,1,1,0
1,2,0,2,1,0,2,2,0,0
2,1,1,2,0,2,1,1,2,0
2,2,1,0,1,1,1,1,1,1
2,1,0,1,0,0,0,2,1,1
1,0,0,1,1,0,0,1,0,1
1,2,0,0,0,0,2,2,0,0
1,0,0,1,2,1,2,1,2,0
1,2,0,0,1,2,0,1,1,1
1,2,0,1,0,1,2,2,1,1
2,0,0,0,2,2,2,2,0,1
2,1,1,1,1,0,2,2,1,0
1,1,1,0,1,1,0,1,2,0
2,1,1,0,2,0,2,2,2,1
2,1,2,2,2,1,1,1,0,0
1,2,0,1,1,2,2,1,2,1
2,2,0,0,1,0,2,0,2,1
2,2,1,2,1,2,2,1,2,1
1,0,0,2,2,2,2,0,1,1
2,0,2,1,1,2,0,1,2,1
1,0,2,2,0,0,2,2,0,1
0,2,2,1,1,0,2,1,0,1
0,2,2,1,1,0,1,1,0,0
2,2,2,1,2,0,0,1,2,1
1,1,1,2,1,2,2,0,2,1
2,1,2,1,1,2,2,0,0,1
1,2,1,1,1,2,1,0,2,1
2,2,2,1,1,0,1,0,2,1
2,1,1,2,2,2,0,2,1,1
2,1,0,2,2,2,1,2,2,1
1,2,1,2,2,2,2,0,2,0
2,2,2,0,1,2,1,2,2,1
1,2,0,0,0,2,0,2,0,0
2,2,2,2,1,2,2,1,0,1
0,0,2,0,1,2,2,2,2,1
1,0,2,2,1,2,2,2,2,1
1,1,1,1,1,1,2,2,2,0
0,0,2,1,1,0,2,1,2,1
2,0,2,2,2,1,1,2,2,1
1,2,2,2,2,0,2,2,1,1
2,1,2,2,2,0,1,1,2,0
2,2,2,2,1,2,0,1,1,1
1,0,1,2,1,1,2,0,2,1
1,2,1,0,1,1,1,1,0,0
0,2,0,1,0,1,1,2,2,1
1,0,2,1,2,0,0,2,1,1
2,2,2,0,1,1,2,1,2,1
1,2,2,0,1,2,1,2,1,1
0,1,0,1,1,1,2,2,1,1
1,2,2,0,1,0,0,2,1,1
1,2,2,2,1,2,2,0,2,1
2,0,0,2,0,2,0,0,2,1
1,2,2,1,2,1,2,1,2,0
2,2,2,1,0,0,0,2,2,0
1,2,2,2,2,1,2,0,2,0
0,1,1,1,0,0,1,0,2,1
1,1,0,2,2,2,1,2,2,0
1,2,2,2,1,0,2,0,1,1
2,1,2,2,1,2,2,0,0,1
0,0,0,2,1,2,2,2,2,1
2,1,0,2,1,0,0,1,1,1
0,2,2,1,2,2,2,1,2,0
0,2,0,2,1,1,2,2,1,1
2,1,0,1,1,2,1,2,1,1
2,2,1,0,1,1,1,1,0,1
1,0,2,1,1,2,2,1,2,0
1,1,2,2,1,2,2,1,0,1
0,2,1,1,2,1,2,0,2,1
2,0,2,2,1,2,2,0,1,1
1,2,1,1,2,2,0,2,2,1
1,2,2,1,2,2,2,2,1,0
0,2,2,0,1,1,1,0,0,1
0,1,0,2,1,2,1,2,2,1
1,2,2,2,0,2,1,1,2,1
2,0,2,0,1,2,0,2,1,0
2,0,2,1,2,0,1,2,2,0
2,2,2,2,2,1,1,1,2,0
2,2,0,2,1,2,0,2,1,1
2,0,2,0,2,2,2,1,2,1
1,1,2,2,2,2,1,0,2,1
2,1,1,2,0,2,1,0,1,1
2,2,2,2,2,2,2,0,2,0
1,2,2,2,2,0,2,2,2,1
2,0,2,2,2,2,0,0,2,1
0,1,2,1,1,1,1,1,1,1
2,1,2,1,1,2,2,2,2,1
2,0,0,2,1,1,1,0,1,0
1,2,1,1,1,1,2,2,2,1
2,0,1,2,1,2,0,2,1,1
0,2,1,2,0,1,0,1,2,0
1,1,2,2,1,0,2,2,2,1
1,1,2,2,2,0,2,2,2,0
2,2,2,1,2,2,2,1,2,1
2,2,1,2,1,0,2,1,2,1
1,1,1,2,2,0,2,0,0,0
1,1,2,2,2,1,2,1,2,0
2,1,2,1,1,1,2,0,2,1
2,2,2,2,2,2,2,0,2,1
2,1,2,0,1,2,0,2,2,1
2,0,2,2,2,1,2,2,2,1
0,0,2,1,1,2,2,1,1,1
2,1,1,0,1,2,1,0,2,1
1,0,2,1,2,0,0,0,2,1
2,0,1,0,2,2,2,2,1,0
2,2,2,2,2,0,1,1,2,1
2,2,0,0,2,2,1,0,1,1
1,0,2,1,2,2,2,1,2,1
1,0,2,1,2,2,0,2,2,1
1,2,2,2,2,2,2,1,1,1
2,2,2,1,1,0,0,1,2,1
0,0,1,0,2,2,0,0,2,1
0,2,0,1,1,2,1,2,1,0
0,2,1,0,1,2,2,1,1,0
2,2,0,2,2,2,1,0,2,1
1,2,1,1,1,1,2,2,2,1
2,1,1,2,1,2,2,0,2,1
2,1,1,2,1,2,2,1,2,0
2,1,2,1,1,1,1,2,1,1
2,0,1,2,1,2,1,0,2,1
2,2,2,2,1,1,2,2,0,1
1,0,2,2,0,2,1,1,0,0
2,2,2,1,2,1,1,2,0,1
2,2,1,2,2,1,2,2,2,1
1,0,2,2,1,2,0,2,2,1
1,0,2,1,2,2,1,2,2,0
0,0,2,2,2,0,1,1,1,0
1,1,0,2,1,2,2,1,2,0
0,0,2,1,1,2,2,1,1,1
2,0,1,2,1,2,1,2,2,0
2,0,0,0,1,2,2,2,2,1
2,2,0,1,1,1,0,0,2,0
0,0,2,1,2,1,2,0,2,0
2,0,1,2,1,2,1,1,1,1
2,0,0,0,1,2,2,2,2,0
1,2,1,2,2,0,2,1,2,0
1,0,2,1,1,0,2,2,2,1
2,1,2,1,1,1,2,0,1,0
1,0,0,2,2,2,2,1,2,1
2,0,2,1,2,1,2,1,2,1
2,1,0,0,1,1,2,1,2,0
1,2,1,1,1,2,2,1,2,1
1,2,1,2,2,2,2,0,2,1
2,0,2,2,2,1,2,2,2,0
2,2,1,1,1,1,0,1,1,1
2,2,2,2,0,1,0,1,2,0
1,2,2,1,1,1,0,1,1,1
1,2,2,1,1,0,0,2,2,1
1,0,0,2,1,1,0,1,2,1
1,2,1,0,2,1,2,1,0,1
2,1,0,2,0,1,2,1,2,0
1,0,0,0,2,0,2,1,0,0
1,1,2,1,2,2,0,1,1,1
0,1,2,2,2,1,1,1,1,1
1,0,2,1,2,1,2,1,1,1
1,1,1,2,2,1,2,1,0,0
2,2,2,2,2,2,2,1,1,0
1,1,2,1,2,0,0,1,1,1
2,1,1,1,1,2,1,2,2,0
0,1,1,1,2,1,1,1,0,0
1,2,0,2,1,1,2,2,2,1
2,2,2,0,2,2,2,1,1,0
1,2,2,1,1,2,1,1,0,1
2,2,2,0,1,2,2,2,2,0
1,2,2,0,1,2,1,0,2,1
2,0,2,0,1,2,2,0,0,1
1,1,2,1,1,0,2,0,2,1
1,0,2,2,1,2,1,2,1,1
0,0,0,2,2,0,2,2,2,1
0,1,1,2,2,2,2,1,1,1
2,0,0,0,0,2,2,1,2,0
1,2,1,2,1,2,0,0,2,1
1,2,2,0,2,0,2,2,1,1
0,2,0,1,1,2,1,2,2,1
1,2,1,1,0,2,2,1,2,1
2,0,1,1,0,2,1,2,1,1
1,1,0,1,0,0,2,2,0,1
1,1,2,2,1,0,0,1,2,1
0,2,1,1,2,2,1,2,2,1
1,2,0,2,2,1,2,2,2,1
2,0,1,2,1,2,0,2,0,1
2,0,2,2,0,2,2,2,1,1
1,0,2,2,2,2,2,2,0,1
2,2,1,0,1,2,1,1,2,1
1,2,1,2,1,2,2,1,2,1
0,2,1,1,2,0,2,2,2,1
0,2,2,2,1,0,1,2,2,1
1,0,2,1,0,2,2,2,0,0
2,0,2,0,0,2,1,1,1,1
2,1,2,1,2,2,0,2,0,1
2,2,2,1,2,0,2,1,2,0
0,1,1,2,1,1,1,2,1,1
1,2,1,1,1,2,0,2,2,1
2,2,0,1,0,1,2,1,1,1
2,0,2,1,2,2,1,2,2,1
1,1,1,2,2,2,0,0,2,0
2,1,2,1,2,2,1,0,0,1
1,1,0,2,1,0,1,2,0,1
2,2,2,2,1,2,0,1,2,1
1,0,2,0,1,2,1,1,2,1
2,1,2,0,1,1,2,1,1,0
2,0,2,2,1,2,1,0,2,0
2,1,2,0,1,0,0,1,1,1
1,0,2,0,2,2,1,2,1,1
2,2,2,1,1,2,0,2,1,1
0,1,2,1,1,0,2,2,2,1
1,0,1,1,2,2,2,2,2,1
2,0,0,2,2,0,2,1,0,0
1,1,2,2,2,1,2,0,2,1
0,2,2,1,1,2,2,2,1,1
1,2,2,2,0,0,0,1,0,1
1,2,2,0,1,0,2,1,2,1
2,1,2,2,1,2,2,2,1,0
1,2,2,2,1,1,1,1,1,0
1,1,2,1,2,2,0,2,1,1
2,1,2,1,2,1,0,0,2,1
1,2,1,1,1,1,0,0,2,0
2,2,1,0,0,2,0,2,1,1
2,0,1,1,2,0,1,1,1,1
1,1,0,2,2,0,1,0,2,1
2,2,0,1,1,2,2,2,2,1
2,2,1,1,2,2,0,0,1,1
0,2,2,2,2,2,0,1,1,0
1,1,0,1,2,0,0,2,1,1
1,2,1,2,2,1,0,1,2,1
0,2,2,0,2,1,2,1,2,1
0,1,2,2,1,2,2,1,0,1
2,2,0,0,1,1,1,0,0,1
2,0,2,2,1,1,2,1,2,0
2,1,2,1,1,2,0,1,2,1
0,2,2,0,1,2,2,1,2,1
1,2,1,1,2,2,2,2,1,1
1,2,2,1,1,2,1,0,2,1
0,2,2,1,2,1,2,0,2,0
2,0,1,2,2,1,2,0,2,0
1,1,1,1,2,2,1,1,2,1
1,1,0,2,2,2,2,2,0,0
2,0,2,2,2,1,1,2,2,1
1,0,1,1,1,0,0,1,2,1
2,1,0,0,1,2,1,1,2,0
2,1,0,1,1,2,1,0,1,1
0,2,2,2,2,0,2,2,2,0
0,2,2,2,1,0,2,2,2,1
1,1,2,1,1,2,1,0,2,1
1,0,0,2,1,1,1,1,0,0
1,1,1,2,2,2,2,1,2,1
2,2,1,2,1,2,1,1,2,1
2,0,2,2,1,0,1,0,2,1
2,1,0,0,1,2,1,2,2,0
1,1,2,1,2,2,0,1,2,1
2,0,2,0,1,1,2,1,2,1
1,2,2,0,1,2,1,1,2,0
2,1,1,0,1,2,2,1,0,1
2,1,1,1,0,0,1,2,2,1
2,0,2,2,1,1,2,0,1,1
2,2,2,2,1,2,2,0,2,1
0,0,2,0,1,1,2,2,1,1
0,2,1,1,1,1,1,2,1,0
2,1,2,0,1,2,1,2,2,0
2,1,1,1,1,0,2,2,0,1
0,1,0,2,1,1,1,2,1,0
0,2,0,2,2,0,2,0,0,1
2,1,2,0,2,2,0,2,1,0
1,2,2,1,2,1,2,1,2,0
1,2,0,1,2,2,0,0,1,1
2,1,2,1,1,2,0,1,1,1
2,1,2,0,2,2,0,0,2,1
2,1,2,2,1,2,2,2,2,1
2,0,2,0,1,2,2,2,1,1
0,0,2,0,2,0,1,1,2,1
0,1,2,0,1,2,2,2,1,1
1,1,0,1,1,2,1,1,2,0
1,2,2,2,1,2,2,0,2,1
2,0,2,0,0,2,1,0,0,1
2,1,2,0,1,1,0,2,2,1
2,2,1,2,1,2,2,2,1,1
2,1,2,1,2,2,0,1,1,1
1,0,2,0,1,2,2,0,2,1
2,2,1,1,2,1,2,2,0,0
2,1,2,1,2,2,2,2,1,1
2,1,1,2,0,2,0,2,2,1
1,2,2,0,0,2,0,0,1,1
1,2,2,1,1,2,1,1,1,1
2,0,1,0,2,2,0,2,2,1
0,1,1,2,1,0,2,0,1,1
1,2,2,1,1,2,1,2,0,1
2,0,2,1,1,2,2,0,2,1
0,2,2,0,2,1,1,2,2,1
1,0,0,2,2,2,1,2,2,0
1,2,1,0,2,2,2,1,1,0
1,1,1,2,2,2,0,1,2,1
0,0,1,1,1,2,2,2,2,0
1,0,2,0,1,2,2,1,1,0
1,2,2,2,1,2,2,1,1,1
2,1,2,0,2,1,2,0,2,0
2,1,1,1,1,2,0,2,2,1
2,1,0,1,1,1,2,1,1,0
0,1,0,0,0,2,2,2,0,1
2,2,0,2,2,2,0,2,1,1
2,1,2,1,2,2,1,2,2,1
2,1,0,2,2,2,0,1,0,1
0,2,1,0,2,0,0,2,2,0
1,2,1,2,1,2,2,1,2,0
1,0,2,1,1,1,2,2,2,0
0,1,2,2,2,1,0,2,1,1
2,0,2,0,1,0,2,1,0,1
2,2,2,1,2,0,2,2,1,0
1,1,2,1,2,1,0,1,2,1
1,2,2,2,2,2,2,1,1,1
0,2,1,2,1,0,1,2,1,0
2,0,2,0,1,2,2,2,1,0
1,0,2,0,1,2,1,2,1,0
2,0,2,1,1,2,2,2,1,1
2,0,2,0,2,2,2,1,1,0
1,2,2,0,1,0,0,2,1,1
1,1,2,2,2,2,2,1,2,1
2,1,2,2,0,0,0,0,2,1
1,2,1,2,2,2,1,2,2,1
1,2,0,0,2,2,1,2,1,1
1,0,2,2,1,1,1,1,2,1
1,0,2,1,0,1,0,1,1,1
1,1,2,1,1,2,2,2,2,0
1,2,1,1,1,2,2,0,1,1
0,0,2,0,0,0,2,2,2,1
0,2,2,1,1,1,2,0,1,0
0,2,2,1,2,2,2,2,1,1
2,2,0,1,2,0,1,2,2,1
2,0,2,0,1,2,2,2,1,1
1,2,2,0,1,2,0,0,2,0
1,2,2,1,1,1,1,1,2,1
2,2,2,2,1,0,2,2,0,1
2,1,0,2,2,1,2,0,2,1
1,1,2,2,0,0,2,1,1,1
1,2,2,1,2,1,2,1,1,0
2,0,2,0,1,0,1,2,1,0
1,1,2,1,2,1,0,2,1,1
2,1,2,0,1,2,1,2,2,1
0,1,0,0,2,0,2,0,2,1
2,0,0,2,1,2,0,2,2,1
1,2,0,0,1,1,0,1,0,0
2,0,1,0,2,1,0,1,1,1
1,1,1,2,2,2,1,1,2,0
2,1,0,1,2,1,2,2,1,1
2,1,1,1,2,2,1,1,1,1
0,2,2,1,0,1,0,1,1,0
1,2,1,0,1,2,2,2,2,1
1,2,1,0,0,1,2,2,2,1
2,2,2,2,2,0,1,2,2,1
0,0,2,1,2,0,2,0,2,1
2,2,1,1,2,0,1,1,0,0
2,1,0,2,2,0,2,1,2,1
2,2,2,2,2,0,2,2,2,1
0,1,1,2,0,2,1,2,2,1
2,0,0,1,1,0,1,1,1,1
2,2,2,1,2,0,1,1,2,1
1,1,0,0,2,2,1,1,0,1
1,2,2,1,1,2,0,2,1,1
1,1,2,2,1,0,1,0,2,0
1,0,2,0,2,2,0,2,0,0
0,2,0,1,2,2,1,0,2,1
0,2,2,1,0,1,1,2,1,0
1,2,2,0,1,2,2,1,2,1
1,1,1,0,0,0,1,0,1,1
1,1,1,2,1,2,2,1,2,1
1,0,0,2,2,1,1,1,2,0
1,1,0,1,2,0,2,1,2,0
1,2,1,1,2,2,0,2,2,1
2,0,1,1,1,1,1,2,2,0
1,1,0,0,0,2,2,0,2,1
1,2,1,2,1,1,0,0,1,1
2,1,1,1,0,2,2,1,2,1
2,2,2,0,1,0,1,1,0,0
2,2,2,1,2,1,1,0,2,1
2,1,1,2,1,1,0,1,2,1
1,1,2,0,2,1,1,1,2,1
2,0,1,2,1,2,1,2,2,1
0,1,2,0,2,0,0,1,1,0
2,1,1,1,2,0,2,2,0,1
1,2,2,1,1,1,2,2,2,0
2,1,0,2,1,1,1,1,1,0
2,2,2,1,2,0,2,2,1,0
1,0,0,2,2,2,1,1,2,1
2,1,1,1,1,2,2,2,1,1
0,1,2,2,1,2,2,1,2,1
2,1,1,1,2,2,2,0,2,0
1,0,2,1,1,0,2,2,2,1
2,1,1,2,2,1,2,0,2,1
2,0,1,1,1,0,1,1,1,0
1,1,2,1,0,2,2,1,1,1
2,1,2,0,2,2,1,1,2,1
2,1,2,2,2,2,1,1,1,1
2,0,2,1,2,1,2,0,2,1
1,0,2,2,1,2,0,1,2,1
1,2,2,2,1,0,2,2,2,0
0,2,0,1,1,2,2,0,2,1
1,2,2,0,2,0,2,2,1,1
2,1,1,0,1,2,2,2,2,1
1,1,1,2,1,2,1,1,1,1
1,2,2,0,2,1,1,2,2,1
2,1,2,1,1,2,2,0,1,1
1,1,0,1,1,1,2,2,2,0
2,1,2,0,1,2,2,1,1,1
2,1,0,2,2,1,0,1,2,1
1,2,2,1,1,2,1,1,0,0
1,0,2,1,1,1,2,0,2,1
2,0,0,2,2,1,0,2,2,0
2,2,1,1,1,0,2,2,2,1
1,1,1,0,2,2,1,0,2,0
1,0,2,0,1,2,1,2,1,1
2,2,2,1,2,0,2,2,1,1
2,0,0,1,1,2,1,2,2,0
0,1,2,2,2,2,2,2,0,1
1,2,2,1,1,0,1,1,2,0
0,0,1,2,2,0,0,1,1,1
2,1,2,1,2,2,1,1,2,0
1,1,1,2,0,0,0,0,2,1
2,2,2,2,1,2,1,1,2,1
2,0,1,0,2,2,1,1,1,1
0,2,1,2,1,2,0,0,2,1
2,0,2,1,1,2,1,2,1,1
2,0,2,2,1,1,0,1,1,0
0,2,2,1,2,2,1,1,0,1
2,0,1,0,1,0,2,1,0,0
2,2,2,0,2,1,2,1,2,0
2,0,2,2,2,0,2,1,2,0
2,0,2,1,1,2,2,2,2,0
1,1,1,0,1,1,2,2,2,1
2,2,1,2,1,2,0,2,1,1
1,2,1,1,2,0,1,2,2,1
1,2,2,1,0,0,2,0,2,1
2,1,0,1,1,0,1,0,2,0
2,2,2,1,1,1,1,1,1,0
0,2,1,2,2,2,2,0,2,1
2,1,0,2,2,2,0,0,0,0
0,1,1,1,2,2,2,1,2,1
2,2,2,0,1,1,2,2,1,0
1,1,2,0,1,0,0,1,2,0
2,0,2,0,1,2,2,2,2,1
1,0,2,2,2,2,2,2,2,1
2,2,2,2,1,2,2,2,1,1
0,0,2,0,1,2,0,0,2,1
0,2,2,2,1,0,2,0,1,1
2,2,2,1,2,2,2,1,2,1
0,2,2,1,2,1,1,1,2,0
1,2,0,0,2,2,1,2,2,1
2,0,2,2,0,2,0,2,1,1
1,2,2,2,2,1,1,2,1,1
1,2,1,2,1,0,0,2,2,1
1,1,2,2,1,0,0,2,1,1
1,2,2,1,1,0,0,1,2,1
1,0,1,0,1,0,1,2,2,1
1,1,2,2,2,2,0,2,2,1
2,0,1,2,0,0,1,1,1,1
1,1,1,0,0,1,2,1,0,1
0,1,2,1,2,0,2,2,2,1
1,0,2,2,1,1,2,2,1,1
2,2,1,0,2,2,0,0,1,0
2,2,2,2,0,0,2,0,0,1
2,1,1,2,2,2,1,0,2,1
2,0,2,1,1,0,2,2,2,0
0,0,2,0,2,1,0,1,1,0
2,1,1,2,2,0,0,0,1,1
1,2,2,1,1,2,2,1,2,1
2,1,1,2,1,0,2,2,0,0
1,2,2,1,1,1,0,2,2,0
2,2,0,0,1,1,1,2,2,0
2,1,2,2,1,0,2,2,2,1
0,0,1,0,1,0,1,2,2,0
2,1,0,2,1,0,2,0,2,1
2,1,0,0,1,2,2,2,2,1
1,2,1,1,1,2,2,2,0,1
0,1,2,1,2,2,1,1,1,1
2,1,1,0,2,1,0,1,0,1
1,2,2,2,0,2,2,2,1,1
2,2,0,1,2,0,1,0,1,1
1,0,2,1,1,0,0,1,1,1
